name,seg,us_vram,us_rom,size,jp_vram,jp_rom,delta,cands,masked_match,verified
func_80033D44,33FE0,0x80033D44,0x34944,0x510,0x80030E54,0x31A54,-0x2ef0,324,prefix 324/324 tot 324,yes
func_80034BD4,33FE0,0x80034BD4,0x357D4,0x394,0x80031CE4,0x328E4,-0x2ef0,229,prefix 229/229 tot 229,yes
func_84302658,fragments/battle_engine/battle_engine_2EC3C0,0x84302658,0x2ECF18,0x378,0x84301BF0,0x2EC4B0,-0xa68,222,prefix 10/222 tot 15,NO
func_8430506C,fragments/battle_engine/battle_engine_2EC3C0,0x8430506C,0x2EF92C,0x254,0x843045C4,0x2EEE84,-0xaa8,149,prefix 149/149 tot 149,yes
func_84367660,fragments/battle_engine/battle_engine_351F20,0x84367660,0x351F20,0x650,0x84366DA0,0x351660,-0x8c0,404,prefix 404/404 tot 404,yes
func_8436C6A4,fragments/battle_engine/battle_engine_356730,0x8436C6A4,0x356F64,0x4BC,0x8436BDE4,0x3566A4,-0x8c0,303,prefix 303/303 tot 303,yes
func_8437FD74,fragments/battle_engine/battle_engine_361050,0x8437FD74,0x36A634,0x3F0,0x8437F62C,0x369EEC,-0x748,252,prefix 252/252 tot 252,yes
func_86100C30,fragments/clefairy_game/clefairy_game,0x86100C30,0x128500,0x804,0x86122800,0x14A0D0,+0x21bd0,513,prefix 94/513 tot 115,prefix-only
func_83501718,fragments/gallery_album/gallery_album,0x83501718,0x2A6508,0x4CC,0x833CBDCC,0x170BBC,-0x13594c,307,prefix 2/307 tot 6,NO
func_86905734,fragments/gallery_camera/gallery_camera_150AC0,0x86905734,0x152184,0x7F0,0x869AD340,0x1F9D90,+0xa7c0c,508,prefix 7/508 tot 13,NO
func_81209078,fragments/gb_tower_emulator/gb_tower_emulator_86CB0,0x81209078,0x889F8,0x2E4,0x8121E718,0x9E098,+0x156a0,185,prefix 4/185 tot 13,NO
func_81209374,fragments/gb_tower_emulator/gb_tower_emulator_86CB0,0x81209374,0x88CF4,0x314,0x8121E9F8,0x9E378,+0x15684,197,prefix 197/197 tot 197,yes
func_88206110,fragments/lab_pc/lab_pc_1AE680,0x88206110,0x1AE680,0x1D4,0x8821E830,0x1C6DA0,+0x18720,117,prefix 77/117 tot 77,prefix-only
func_88209B54,fragments/lab_pc/lab_pc_1AE680,0x88209B54,0x1B20C4,0x1298,0x88221F3C,0x1CA4AC,+0x183e8,1190,prefix 23/1190 tot 311,prefix-only
func_8820BE14,fragments/lab_pc/lab_pc_1AE680,0x8820BE14,0x1B4384,0x6FC,0x882241D8,0x1CC748,+0x183c4,447,prefix 207/447 tot 275,prefix-only
func_88304850,fragments/lab_pc_list/lab_pc_list_1CEA00,0x88304850,0x1D3230,0x87C,0x8842FD30,0x2FE710,+0x12b4e0,543,prefix 4/543 tot 9,NO
func_860005B8,fragments/magikarp_game/magikarp_game,0x860005B8,0x120FC8,0x658,0x860296C0,0x14A0D0,+0x29108,406,prefix 94/406 tot 111,prefix-only
func_81003A54,fragments/particle_data_library/particle_data_library_258080,0x81003A54,0x258D14,0x29C,0x810189C4,0x26DC84,+0x14f70,167,prefix 12/167 tot 43,prefix-only
func_88805AEC,fragments/pokedex/pokedex_2190D0,0x88805AEC,0x21A3EC,0xEC4,0x8881B70C,0x23000C,+0x15c20,945,prefix 945/945 tot 945,yes
func_88807D04,fragments/pokedex/pokedex_2190D0,0x88807D04,0x21C604,0x428,0x887B1C90,0x1C6590,-0x56074,266,prefix 3/266 tot 8,NO
func_82F04604,fragments/trade_machine/trade_machine_289240,0x82F04604,0x28C4B4,0x9D0,0x82F1A00C,0x2A1EBC,+0x15a08,628,aligned 0.990 (622/628),aligned
func_82F0BEF8,fragments/trade_machine/trade_machine_291D60,0x82F0BEF8,0x293DA8,0x274,0x82F212B0,0x2A9160,+0x153b8,157,prefix 41/157 tot 58,prefix-only
func_82F10BB4,fragments/trade_machine/trade_machine_2942C0,0x82F10BB4,0x298A64,0x31C,0x82F26014,0x2ADEC4,+0x15460,199,prefix 199/199 tot 199,yes
func_87803EAC,fragments/widget_toolkit/widget_toolkit_2,0x87803EAC,0x10BE4C,0x474,0x87825C84,0x12DC24,+0x21dd8,285,prefix 285/285 tot 285,yes
func_87804320,fragments/widget_toolkit/widget_toolkit_2,0x87804320,0x10C2C0,0x7B0,0x878260F8,0x12E098,+0x21dd8,492,prefix 24/492 tot 27,prefix-only
func_88500A74,fragments/widget_tree/widget_tree,0x88500A74,0x1EB2D4,0x3C0,0x88517F84,0x2027E4,+0x17510,240,prefix 240/240 tot 240,yes
func_885065E0,fragments/widget_tree/widget_tree,0x885065E0,0x1F0E40,0x61C,0x8851D5C4,0x207E24,+0x16fe4,391,prefix 391/391 tot 391,yes
func_8850B2D4,fragments/widget_tree/widget_tree,0x8850B2D4,0x1F5B34,0x9C0,0x885222D8,0x20CB38,+0x17004,624,prefix 624/624 tot 624,yes
func_80049DF0,gb_audio_render,0x80049DF0,0x4A9F0,0x684,0x80046CB0,0x478B0,-0x3140,417,prefix 417/417 tot 417,yes
func_8004A474,gb_audio_render,0x8004A474,0x4B074,0x428,0x80047334,0x47F34,-0x3140,266,prefix 266/266 tot 266,yes
func_8004A89C,gb_audio_render,0x8004A89C,0x4B49C,0x400,0x8004775C,0x4835C,-0x3140,256,prefix 256/256 tot 256,yes
